job_id,job_name,nodes,mpi_tasks,tasks/node,threads,total_time,computation_time,communication_time,speedup,efficiency
21285012,weak_scale_1n_8t,1,8,8,14,10.9693,10.6911,0.278077,1.0,1.0
21285013,weak_scale_2n_16t,2,16,8,14,11.0038,10.7029,0.300714,0.99686471946055,0.99686471946055
21285014,weak_scale_4n_32t,4,32,8,14,11.1046,10.694,0.410484,0.9878158600940151,0.9878158600940151
21285015,weak_scale_8n_64t,8,64,8,14,11.0932,10.6711,0.421909,0.9888309955648507,0.9888309955648507
21285016,weak_scale_16n_128t,16,128,8,14,11.1303,10.7056,0.424535,0.9855349810876617,0.9855349810876617
